DATA,Y,X01,X02,X03,X04,X05,X06,X07,X08,X09,X10,X11,X12,X13,X14,X15,X16,X17,X18,X19,X20,X21,X22,X23
1/1/2009,,0.0048,0.0064,-0.004356436,-0.00949632,0.007490849,0.07353725284337997,2.307442857,-0.03634437,0.1275,0.0625,0.065296151,7.37394905090332,0.021385164,0.005453601,0.049225079,110.0986399,8.769413349,97.14415639,204.4016873,69.57820657,86.0357861,5194.14697265625,5715.95458984375
2/1/2009,,0.0055,0.0031,0.0026,0.002,0.004,0.07257958501577377,2.312672222,0.002266303,0.1275,0.0625,0.064660469,7.247164249420166,0.023616056,0.013880038,0.028995739,108.4032999,7.765769141,101.6767091,219.6336724,60.10363371,79.1832334,5174.9345703125,5638.17333984375
3/1/2009,,0.002,0.002,-0.007396914,-0.01239893,0.004213585,0.07280078530311584,2.313836364,0.000503375,0.1125,0.0625,0.053431991,8.661934852600098,0.003998715,-0.003263971,0.012686805,109.5539357,8.591493705,100.1575829,245.6881762,60.20559475,73.17807908,5211.5634765625,5383.0712890625
4/1/2009,,0.0048,0.0055,-0.001537488,-0.004377107,0.0058,0.0759505107998848,2.20585,-0.046669836,0.1025,0.0625,0.044690222,7.1107497215271,0.013324736,0.010462845,-0.022797284,110.3431281,9.475248713,105.7063932,247.4770298,62.34467987,78.72227337,7009.5302734375,8621.2421875
5/1/2009,,0.0047,0.006,-0.000726949,-0.003011321,0.0042,0.07604707777500153,2.060905,-0.065709364,0.1025,0.0625,0.048017593,7.190511226654053,0.012173416,0.004549081,0.023870057,110.8126323,9.317911926,110.1448986,253.4613389,61.83506432,76.28932343,6929.57177734375,9174.4990234375
6/1/2009,,0.0036,0.0042,-0.000980621,-0.0045,0.0017,0.07976125180721283,1.957557143,-0.050146832,0.0925,0.0625,0.042443953,9.451428413391113,0.014469308,0.012389427,0.080466355,113.668723,9.145233054,115.1507783,263.2008718,45.61334062,82.05734629,7280.896484375,8918.2861328125
7/1/2009,,0.0024,0.0023,-0.004349474,-0.0085,0.00344,0.08044946938753128,1.932717391,-0.012689158,0.0875,0.06,0.040675089,8.976714134216309,0.012420771,0.008701964,-0.076411974,115.0589482,9.085759976,139.0501787,253.4836966,60.83520912,83.10943918,7474.27978515625,8508.9609375
8/1/2009,,0.0015,0.0008,-0.003619804,-0.0061,0.0016,0.0801439881324768,1.845180952,-0.045291898,0.0875,0.06,0.042025941,7.747463703155518,0.015879733,0.004392154,0.030104738,116.9660077,8.71034898,131.009719,266.2972762,64.80854306,78.81849619,7001.8515625,8139.63134765625
9/1/2009,,0.0024,0.0016,0.004195877,0.0053,0.0028,0.08011242002248764,1.819795238,-0.013757845,0.0875,0.06,0.042233847,10.863653182983398,0.013710954,0.008179904,0.075025377,118.8520794,11.14159614,135.7689621,264.4312992,71.20906165,89.029574,7356.67333984375,7858.57861328125
10/1/2009,,0.0028,0.0024,0.000454383,0.0004,0.0003,0.08059228211641312,1.738419048,-0.044717224,0.0875,0.06,0.044000697,7.877263069152832,0.021159568,0.019440278,-0.045558543,120.3072052,11.5849945,138.0426287,285.8305825,73.37277216,93.04373186,7487.21142578125,8520.8779296875
11/1/2009,,0.0041,0.0037,0.001034238,0.0008,0.0014,0.08037063479423523,1.72616,-0.007051837,0.0875,0.06,0.043480828,8.109906196594238,0.013652057,0.008849481,-0.005410419,124.0807139,13.69788028,141.874107,287.8332252,85.48299221,96.72689,7694.91064453125,7020.02734375
12/1/2009,,0.0037,0.0024,-0.002586624,-0.0051,0.002,0.07852327823638916,1.750313636,0.013992698,0.0875,0.06,0.042545157,9.760658264160156,0.003961232,-0.001873638,-0.00225826,123.9286533,13.61898926,137.2022992,271.9645075,104.6213048,100.0239668,7706.7548828125,7983.48291015625
1/1/2010,,0.0075,0.0088,0.006304095,0.0051,0.01,0.07899565249681473,1.776826316,0.015147388,0.0875,0.06,0.03975124,2.87414404,0.014884267,0.018069593,0.026170508,124.5701663,14.2910185,139.5840856,281.2499781,91.50163424,96.29541733,7365.41845703125,8164.22998046875
2/1/2010,,0.0078,0.007,0.011777452,0.0142,0.0088,0.07873231172561646,1.841638196,0.036476205,0.0875,0.06,0.037378321,5.64184104,-0.001237085,0.024437278,0.041932627,124.6813672,14.35471374,138.7025916,267.0033621,91.39376021,95.5926167,7235.6689453125,8167.94677734375
3/1/2010,,0.0052,0.0071,0.009447775,0.010792955,0.0083,0.0796060860157013,1.785843478,-0.030296243,0.0875,0.06,0.034075883,5.605936424,0.021754756,0.014869494,0.069830149,129.0580726,15.23547545,146.9379034,285.1262181,92.60560012,102.6621893,7721.033203125,7522.48095703125
4/1/2010,,0.0057,0.0073,0.007656338,0.007198875,0.0073,0.07778771221637726,1.75397,-0.017847857,0.095,0.06,0.040275665,3.674062795,0.004128817,-0.032402142,-0.088741591,130.479563,15.76175151,142.2598748,269.7892405,91.35741713,105.0589196,7443.12939453125,7568.85986328125
5/1/2010,,0.0043,0.0043,0.011859151,0.014922794,0.0049,0.07877594232559204,1.813190476,0.033763677,0.095,0.06,0.040689994,6.760675992,-0.003080136,0.023604654,0.010627215,130.9312226,15.73375396,127.7797782,290.2935613,90.73401124,103.6436281,7984.154296875,10769.2265625
6/1/2010,,0.0,-0.0011,0.008502306,0.010978224,-0.00185,0.07968667894601822,1.806528571,-0.003674134,0.1025,0.06,0.051590152,1.651265049,-0.003876671,0.01005277,0.014095623,129.7649703,15.85964936,116.5073671,275.3061749,84.72134737,103.573416,7600.0908203125,6264.7529296875
7/1/2010,,0.0001,-0.0007,0.001546239,0.002011965,-0.0017,0.07873356342315674,1.769636364,-0.020421602,0.1075,0.06,0.058788652,6.269519917,-0.006081867,-5.99e-05,0.007070723,126.9419756,16.70696458,101.8189297,272.7640839,96.63660169,102.756882,6652.8046875,5480.6796875
8/1/2010,,0.0004,-0.0007,0.007695901,0.012361888,-0.0027,0.07995001971721649,1.759563636,-0.005691976,0.1075,0.06,0.059952854,5.809851145,-0.002498548,0.020075123,0.034885299,128.0990652,16.3046809,116.750912,278.5322011,93.26566988,102.3943464,6702.9912109375,5765.0771484375
9/1/2010,,0.0045,0.0054,0.011537971,0.01598976,0.00335,0.07978716492652893,1.718709524,-0.023218321,0.1075,0.06,0.057736924,9.440742693,0.002018887,0.007175521,0.007954506,129.04096,16.01571388,115.0983943,280.2025744,95.09422212,105.2619056,6728.1552734375,7584.625
10/1/2010,,0.0075,0.0092,0.01009571,0.013020844,0.00564,0.07766549289226532,1.6835,-0.020486024,0.1075,0.06,0.052802569,10.3406428,-0.003396266,0.002020014,0.014443741,129.170928,15.41475786,126.7915318,286.4917553,89.72070494,99.96829017,6461.88330078125,7679.03564453125
11/1/2010,,0.0083,0.0103,0.014465927,0.018384398,0.008145,0.0772201418876648,1.71333,0.017719038,0.1075,0.06,0.048417196,8.046516932,0.007142331,0.002840137,0.006591609,131.4281594,16.54512879,126.2653576,292.0001643,85.12374297,108.7241423,7005.81787109375,7524.41650390625
12/1/2010,,0.0063,0.006,0.006920748,0.006291577,0.0092,0.07937001436948776,1.693413043,-0.011624705,0.1075,0.06,0.045708377,16.27473364,0.005059124,0.00776243,0.003018303,133.447869,17.85943187,128.6983631,301.4373044,77.05409338,106.911124,6555.83154296875,7328.56298828125
1/1/2011,289.466,0.0083,0.0094,0.007936913,0.007557961,0.0108,0.07752365618944168,1.674914286,-0.010923949,0.1125,0.06,0.049595982,5.807142729,0.003069854,-0.000221626,-0.005924722,132.6051342,16.81105687,136.8187988,292.6897475,83.65365893,103.0717313,6566.91748046875,6518.5712890625
2/1/2011,301.546,0.008,0.0054,0.009963096,0.012027071,0.0067,0.07748639583587646,1.66799,-0.004134113,0.1125,0.06,0.049387729,10.32099641,0.011104166,0.003248365,0.020242179,133.3484439,18.97013009,137.0722662,335.7640702,89.78388246,105.1651728,6917.2412109375,7663.05859375
3/1/2011,297.12,0.0079,0.0066,0.006221681,0.006485115,0.0062,0.07954539358615875,1.6591,-0.005329768,0.1175,0.06,0.051280305,9.700178488,0.00553933,0.012331702,0.004764913,133.4788451,14.52402606,131.6804879,258.8291426,88.98926561,110.1993606,6568.12255859375,7733.9189453125
4/1/2011,306.503,0.0077,0.0072,0.00447047,0.002860666,0.0078,0.07789068669080734,1.586447368,-0.043790387,0.12,0.06,0.051541,8.76656773,-0.026834981,0.002514399,0.00067213,129.3544893,17.54831106,127.8320472,283.8712627,83.92735908,104.4743575,6925.275390625,7524.5390625
5/1/2011,330.166,0.0047,0.0057,0.004316755,0.000266571,0.009,0.07899347692728043,1.613495455,0.01704947,0.12,0.06,0.051122352,7.353069232,0.030141653,0.009780198,0.011318323,134.8311062,20.01558148,133.5721626,290.2134242,87.09014782,111.168729,6136.80078125,7759.28955078125
6/1/2011,337.583,0.0015,0.0022,-0.001822437,-0.004497433,-0.0012,0.07979391515254974,1.587042857,-0.016394591,0.1225,0.06,0.051890771,9.239980146,-0.018026674,0.001476288,-0.009037945,136.1050463,19.66622011,128.6092515,291.1248213,74.73858572,111.6322476,6620.84814453125,7188.3056640625
7/1/2011,347.857,0.0016,0.0,-0.001154021,-0.002211979,-0.0013,0.08132751286029816,1.563938095,-0.014558373,0.125,0.06,0.052654688,9.850317986,-0.001799536,0.005870037,0.001166799,134.5190731,19.9822675,119.3976264,305.9151602,82.73808786,107.9739102,6293.69677734375,8140.65185546875
8/1/2011,368.879,0.0037,0.0042,0.004399399,0.005671459,0.0021,0.07759532332420349,1.597008696,0.021145722,0.125,0.06,0.049193733,6.756707385,-0.007835129,-0.002557623,-0.016877113,131.8299525,19.99177547,133.7830597,288.8005054,83.38245255,113.5885801,6979.74853515625,7257.111328125
9/1/2011,363.722,0.0053,0.0045,0.006453233,0.007440757,0.0059,0.07795616239309311,1.749704762,0.095613798,0.12,0.06,0.04369943,9.994204145,-0.0158907,0.004463642,0.008523014,135.9604327,18.10065953,133.0665127,257.1859227,81.30154714,107.2241032,6789.62841796875,8040.41650390625
10/1/2011,358.372,0.0043,0.0032,0.005311584,0.006774989,0.0026,0.07736680656671524,1.77257,0.013068055,0.115,0.06,0.04235075,11.06835875,-0.010996118,-0.000361005,-0.004245993,135.3964868,18.96041114,126.9307122,264.8862392,88.343685,101.4755544,6651.6611328125,6852.380859375
11/1/2011,330.412,0.0052,0.0057,0.004967484,0.005206883,0.0043,0.07868282496929169,1.79049,0.010109615,0.11,0.06,0.040876688,6.028766582,0.004680604,0.01381018,0.016125051,135.9294009,18.484427,126.7163549,266.6194152,88.36461139,107.8747973,6491.7919921875,6118.75537109375
12/1/2011,301.135,0.005,0.0051,-0.001173471,-0.004824653,0.0071,0.07954119890928268,1.836886364,0.025912663,0.11,0.06,0.042223096,7.540938654,0.026417911,0.008968305,0.017960763,138.4394294,21.04451216,145.4770119,297.3135308,104.6200566,111.1624388,6490.15771484375,7558.25830078125
1/1/2012,334.247,0.0056,0.0051,0.002487047,-0.0007,0.0097,0.07842045277357101,1.789681818,-0.02569813,0.105,0.06,0.040314124,8.72200673,-0.042304328,0.021186623,0.017245481,136.9004476,4.081854653,141.6325993,251.2354245,98.20627091,87.25455188,5854.15234375,3492.396728515625
2/1/2012,311.137,0.0045,0.0039,-0.000613369,-0.0026,0.0027,0.0811295360326767,1.718394737,-0.039834465,0.105,0.06,0.043938912,5.72715694,0.00886295,0.009523507,-0.002206843,136.8443261,12.64596576,138.0086388,242.1957443,89.90623088,100.4749901,6206.5322265625,8567.193359375
3/1/2012,353.476,0.0021,0.0018,0.004277236,0.0042,0.0048,0.079998746,1.796409091,0.045399554,0.0975,0.06,0.0428545,14.96367747,-0.006268869,0.006961516,0.00951208,134.5713011,13.99956124,140.4343167,273.3925917,93.43178443,99.20709282,7580.16796875,8248.1494140625
4/1/2012,336.437,0.0064,0.0064,0.008532739,0.0097,0.0055,0.078169745,1.854835,0.032523722,0.09,0.06,0.037065816,5.139916449,-0.000119537,0.003583509,-0.001774495,134.6265638,12.02658774,130.1506978,272.0135932,85.46717292,97.73595463,7166.556640625,6829.21484375
5/1/2012,378.278,0.0036,0.0055,0.010226371,0.0117,0.0049,0.076882559,1.985990909,0.070710284,0.085,0.06,0.033440099,4.453037383,0.005104058,-0.002512002,0.001187572,136.6318089,11.02989481,138.7568091,264.1973654,86.96312569,99.89195793,7241.30859375,7722.279296875
6/1/2012,392.889,0.0008,0.0026,0.006600157,0.0074,0.00173,0.075899392,2.049195,0.031824965,0.085,0.06,0.034162929,7.419593143,0.002380622,0.016117109,0.070471234,134.5365688,9.411553754,143.1045984,280.91388,89.11148439,94.93554741,7485.79296875,7654.80859375
7/1/2012,372.578,0.0043,0.0043,0.013410683,0.0181,0.0025,0.075095801,2.028736364,-0.009983743,0.08,0.055,0.026629729,9.949969506,0.013518781,0.005795785,-0.015219336,136.2254327,11.96045382,137.9817511,292.6715877,81.11476044,97.7690206,7448.7333984375,8061.8349609375
8/1/2012,372.418,0.0041,0.0045,0.014277891,0.0199,0.0033,0.073647516,2.02946087,0.000357122,0.075,0.055,0.021469732,5.922100304,0.021593813,0.001278488,0.032454158,136.432062,11.37020936,137.9481345,292.6063659,82.14545623,98.32995207,7484.130859375,7068.396484375
9/1/2012,348.897,0.0057,0.0063,0.009656206,0.0125,0.0049,0.071374226,2.028078947,-0.000680931,0.075,0.055,0.02106346,6.232591042,-0.019762962,0.00130513,-0.085015149,134.6437482,11.2725629,133.5484701,307.5207606,79.96097119,90.28829096,7334.2890625,6962.12548828125
10/1/2012,346.067,0.0059,0.0071,0.000240724,-0.002,0.0058,0.069594998,2.029845455,0.000871025,0.0725,0.055,0.017068551,8.94761004,0.014466719,0.001859957,0.059188838,135.9910734,11.97285478,135.8420826,298.5106519,81.71087928,96.25121604,7151.873046875,6964.9345703125
11/1/2012,329.694,0.006,0.0054,-0.00025842,-0.0019,0.0033,0.068239579,2.06775,0.018673612,0.0725,0.055,0.016259729,9.991143592,-0.012745374,-0.003876298,-0.033417004,134.3565478,11.45578342,139.1987411,297.7335184,83.6485818,93.968219,7428.15380859375,8450.138671875
12/1/2012,279.631,0.0079,0.0074,0.006821299,0.0073,0.0073,0.069151177,2.077835,0.004877282,0.0725,0.055,0.013335696,5.099585719,0.005617786,0.005068298,0.028711753,136.1939153,10.57586565,140.4710638,325.5610564,99.48944301,94.13380387,7021.7958984375,5893.5029296875
1/1/2013,313.9508,0.0086,0.0092,0.003380682,0.0011,0.0098,0.072669193,2.031077273,-0.022503099,0.0725,0.05,0.01032161,4.255857062,0.00980692,-0.003017312,-0.007246835,138.1665779,13.66977134,139.6774088,336.2192289,92.04661007,105.0890955,7046.517578125,6438.9248046875
2/1/2013,299.561,0.006,0.0052,0.002910287,0.0021,0.003,0.077835221,1.97325,-0.028471234,0.0725,0.05,0.008815166,3.339586549,-0.027268051,-0.000906943,-0.002534067,134.0293377,14.34526773,132.8981828,274.0045565,98.69867115,104.220625,7737.5595703125,7809.21044921875
3/1/2013,361.8896,0.0047,0.006,0.00206245,0.0001,0.0072,0.080632265,1.98281,0.004844799,0.0725,0.05,0.006204517,7.059330569,0.0178967,0.008228095,0.014393229,137.944805,16.89780806,129.6122879,315.9164181,98.83186946,104.7183146,7300.0966796875,7196.9541015625
4/1/2013,353.3672,0.0055,0.0059,0.001457652,-0.0012,0.006,0.07930749,2.002213636,0.009785928,0.075,0.05,0.009452712,6.589810193,0.017219331,0.004756259,0.011048629,140.4107721,17.44341896,132.4236571,322.6373294,102.544764,114.5225875,7243.77001953125,6748.93359375
5/1/2013,368.4322,0.0037,0.0035,4.46363e-05,-0.003,0.0033,0.076683832,2.034842857,0.016296573,0.08,0.05,0.0140468,12.40921129,-0.002486816,0.005744632,-0.014702934,137.5620203,16.27343352,121.3138021,320.9816773,96.58796777,109.0034605,7464.65185546875,8498.6474609375
6/1/2013,338.466,0.0026,0.0028,0.007479153,0.0068,0.0039,0.075252947,2.172955,0.067873616,0.08,0.05,0.012226249,10.73129658,0.004146675,0.004910103,0.020470911,140.0067753,17.4413531,131.7995071,349.7936836,101.7994821,108.6307245,7606.1787109375,8471.91015625
7/1/2013,357.0316,0.0003,-0.0013,0.002610021,0.003,-0.0007,0.073808241,2.252169565,0.036454766,0.085,0.05,0.020978912,5.186572705,-0.005829611,0.024588143,0.005105684,138.4261735,15.73823486,126.7204921,300.553796,102.6030174,110.519565,7600.841796875,6387.388671875
8/1/2013,404.861,0.0024,0.0016,0.001463954,0.0014,0.0009,0.072006184,2.341822727,0.039807465,0.09,0.05,0.027423372,2.92882137,0.002917257,0.004717654,0.00750059,137.9180673,16.95432905,130.994615,303.2295759,101.8283985,109.3444905,7526.4599609375,7365.451171875
9/1/2013,372.272378,0.0035,0.0027,0.014992231,0.0211,0.0027,0.070317425,2.270509524,-0.030452008,0.09,0.05,0.02967582,4.27393488,0.004694742,0.002240882,-0.011021931,138.2275424,17.38314563,123.365315,339.5317424,99.63251852,111.9731926,7443.2197265625,7995.1630859375
10/1/2013,385.25,0.0057,0.0061,0.008573292,0.0109,0.0043,0.067936469,2.188647826,-0.036054329,0.095,0.05,0.03460481,6.949233043,-0.011258568,-0.005731161,0.005654803,137.5843212,16.03769559,132.283013,290.1159899,102.2371893,113.1820131,7494.1923828125,8146.115234375
11/1/2013,332.454,0.0054,0.0054,0.002899061,0.0017,0.0065,0.065657848,2.29535,0.048752555,0.1,0.05,0.039949281,9.400465613,0.005594295,-0.000144582,-0.001548208,137.7458539,14.56336244,128.7781598,282.6448716,102.6102683,106.9165642,7472.14404296875,8260.646484375
12/1/2013,272.384,0.0092,0.0072,0.005983168,0.0063,0.0069,0.062560389,2.345485714,0.021842296,0.1,0.05,0.038609672,2.086909268,-0.035873365,0.007494103,-0.005021998,130.5502907,8.713641166,121.0810626,274.3723495,101.0454445,91.84341162,6586.431640625,6584.5107421875
1/1/2014,326.637,0.0055,0.0063,0.00480896,0.0031,0.0087,0.064774567,2.382209091,0.015657046,0.105,0.05,0.046547258,8.648139754,0.018135063,0.001218303,0.010127179,134.0462624,15.56339573,127.699261,274.3724478,94.41241896,105.6071857,2650.424569,5041.72534
2/1/2014,359.91,0.0069,0.0064,0.003843175,0.0027,0.007,0.068251097,2.38368,0.000617456,0.1075,0.05,0.047977458,5.431669433,0.003259047,-0.000960243,-0.013692708,133.9854806,15.84442269,134.305376,315.7057789,100.0608572,105.3971446,6541.906913,6717.56712
3/1/2014,342.447,0.0092,0.0082,0.016663659,0.022,0.0082,0.072426139,2.326089474,-0.024160343,0.1075,0.05,0.04330455,7.080994203,-0.001800178,-0.006591572,-0.012987936,133.6162123,13.30824207,128.4821283,249.0819844,84.10368246,100.2270378,6223.155248,7474.527086
4/1/2014,317.271,0.0067,0.0078,0.007848401,0.0079,0.0082,0.072183099,2.23277,-0.040118609,0.11,0.05,0.044413199,6.988900847,-0.009359457,0.003597164,0.009186215,131.453752,12.68773469,125.5966444,274.2910523,88.14829868,103.0110395,5925.828545,3846.578425
5/1/2014,344.512,0.0046,0.006,-0.001331728,-0.0065,0.0068,0.07052112,2.221614286,-0.004996356,0.11,0.05,0.043477531,7.918618713,-0.00981575,0.002663787,-0.006306459,130.6582487,12.51193526,131.2082974,260.5357901,87.42128749,98.32332188,6708.389782,7522.860877
6/1/2014,292.776,0.004,0.0026,-0.007423351,-0.0144,0.0034,0.069317734,2.23547,0.006236778,0.11,0.05,0.042022483,5.738567626,-0.028631553,-0.01010039,-0.044640239,123.2839305,8.909796254,91.01767615,233.9377925,79.4024898,87.02819024,5439.754619,4963.978976
7/1/2014,334.54,0.0001,0.0013,-0.006077374,-0.0111,0.0015,0.069859553,2.224647826,-0.004841118,0.11,0.05,0.042230866,9.876760089,0.025137339,-0.007418644,0.015286096,127.3992229,11.12355503,133.2353074,236.8519758,91.34386464,99.84452654,5457.369483,4019.899312
8/1/2014,335.253,0.0025,0.0018,-0.002657779,-0.0045,0.0002,0.069821959,2.268028571,0.019500051,0.11,0.05,0.042126903,8.59200578,0.003757803,0.015839274,0.007251409,129.5529425,11.36479035,125.3803899,246.3264179,88.08674696,92.49045062,4909.168561,4747.043279
9/1/2014,345.354,0.0057,0.0049,0.002000933,0.0013,0.0042,0.068656205,2.332868182,0.028588533,0.11,0.05,0.039847218,7.058327338,0.001777862,0.001471017,0.0088323,131.3519933,11.29196702,128.1811784,303.6632592,86.26587274,99.83356122,5143.386514,5353.365182
10/1/2014,352.392,0.0042,0.0038,0.002842076,0.0023,0.0046,0.067062553,2.44826087,0.04946387,0.1125,0.05,0.043745962,7.430659274,0.000672002,0.00708203,0.008303986,129.8938237,11.23881022,126.3037497,263.3363871,82.92847574,98.2082285,5242.206926,3932.215199
11/1/2014,311.99,0.0051,0.0053,0.009779831,0.0126,0.0053,0.065933182,2.548365,0.040887853,0.1125,0.05,0.044057497,5.897193676,-0.00830147,0.000135736,0.020420881,129.1568016,11.60870331,124.596899,263.7015428,79.23221287,95.36897513,4354.682304,4720.247634
12/1/2014,271.009,0.0078,0.0062,0.006207989,0.0063,0.0076,0.065868143,2.639363636,0.035708635,0.1175,0.05,0.050206776,7.052146484,-0.029045188,-0.00890831,-0.037791241,121.9490408,4.236076641,130.6973336,243.5423046,74.95884232,83.36879879,4869.651782,6564.040561
1/1/2015,291.846,0.0124,0.0148,0.007647618,0.0056,0.0135,0.068994941,2.634228571,-0.001945569,0.1225,0.055,0.047715991,4.899248508,0.006192487,0.001231845,-0.002510573,124.2849386,9.444005626,130.146604,235.2405179,77.99771636,90.75767474,4074.467746,5897.397843
2/1/2015,269.421,0.0122,0.0116,0.002705864,-0.0009,0.0114,0.075236931,2.81645,0.069174494,0.1225,0.055,0.042230025,2.594377017,-0.007954569,-0.012369018,-0.025137832,123.6398294,7.939540483,105.9312678,229.3603487,77.38498736,84.66632789,4747.949181,4707.735652
3/1/2015,342.606,0.0132,0.0151,0.009808441,0.0092,0.0142,0.080444369,3.139477273,0.114693061,0.1275,0.055,0.04273954,2.949387323,-0.005148938,0.001222358,-0.012610353,121.913756,6.9218316,124.746408,228.0759278,79.67712922,82.26598492,5132.157921,4998.166832
4/1/2015,276.746,0.0071,0.0071,0.011656858,0.0141,0.0075,0.081264266,3.04157,-0.031185852,0.1325,0.06,0.04694767,3.958838691,-0.01903741,-0.026490816,-0.011793098,119.2382864,6.983639657,112.3900422,219.3970827,76.29632462,80.54372385,4614.409863,8687.987425
5/1/2015,285.34,0.0074,0.0099,0.004063002,0.003,0.0068,0.082539303,3.061715,0.006623444,0.1325,0.06,0.04403775,5.568107557,-0.011125178,0.00374863,-0.012952656,115.113137,6.329296428,109.1710022,205.0433157,71.99471172,72.34479112,4570.896899,1927.201727
6/1/2015,290.879,0.0079,0.0077,0.006715458,0.0041,0.0083,0.084349906,3.111738095,0.01633826,0.1375,0.06,0.04458952,5.342852718,-0.007966739,-0.012211154,-0.012596076,112.3955334,5.467136348,88.74862862,195.4764128,58.98802352,72.11643191,5181.005017,6581.638801
7/1/2015,296.58,0.0062,0.0058,0.006911046,0.0073,0.006,0.086758488,3.223143478,0.035801658,0.1425,0.065,0.042820553,5.656908179,-0.017719239,-0.012219538,-0.003124155,112.3672069,6.239249505,98.96068075,209.3398784,65.30062538,72.03148892,3859.903693,2562.264816
8/1/2015,315.637,0.0022,0.0025,0.002755676,0.002,0.0024,0.088533117,3.514304762,0.090334571,0.1425,0.065,0.043132692,4.28028385,0.004399515,-0.006193463,-0.011548223,110.5465261,5.048303242,98.0946467,204.4573909,62.23006723,60.25984179,4219.56828,3585.987188
9/1/2015,295.209,0.0054,0.0051,0.009461909,0.013,0.0032,0.09030724,3.906457143,0.111587471,0.1425,0.065,0.043443971,6.585661041,-0.022723768,-0.001512807,-0.014083504,108.4353989,5.535165292,101.418375,181.859567,64.90620468,67.89803856,3791.028406,5726.354707
10/1/2015,277.387,0.0082,0.0077,0.018911534,0.0263,0.0064,0.091046832,3.880138095,-0.006737319,0.1425,0.07,0.039303934,5.958110617,-0.002018452,0.007671902,0.000957601,109.5039069,6.167684737,99.80961476,185.6087501,63.62878011,63.62477609,3435.431057,4544.268402
11/1/2015,235.298,0.0101,0.0111,0.015242249,0.0193,0.009,0.091430878,3.77646,-0.026720208,0.1425,0.07,0.034159581,6.595579362,-0.016862592,-0.012204156,-0.005533007,106.6006292,5.212688993,100.2119524,169.0284101,58.80441251,65.14531773,3709.518537,3978.680475
12/1/2015,187.923,0.0096,0.009,0.004874188,0.0039,0.0092,0.090778438,3.871136364,0.025070135,0.1425,0.07,0.032315794,10.34879863,-0.015523312,-0.002794935,-0.000579956,97.85344508,2.8032239,93.05679431,164.4544953,48.77791862,60.64869421,3960.185355,4748.061145
1/1/2016,227.702855,0.0127,0.0151,0.01137034,0.0114,0.0148,0.096204775,4.05235,0.046811484,0.1425,0.075,0.032009983,6.584532206,0.009313525,-0.026613072,-0.024947626,101.9208934,5.094078725,101.9945691,184.0001427,49.29859913,62.66383988,3124.38036,4901.241682
2/1/2016,225.1856563,0.009,0.0095,0.01500581,0.0145,0.0119,0.103500417,3.973742105,-0.019398101,0.1425,0.075,0.035282959,5.108285108,-0.009610085,0.00992882,0.013057047,102.510827,5.385804082,86.34246099,152.7647387,49.99868763,65.76802052,4005.07933,6485.583079
3/1/2016,249.4564324,0.0043,0.0044,0.005117748,0.0044,0.0058,0.110609968,3.703918182,-0.06790172,0.1425,0.075,0.044457526,6.774013852,0.00424309,-0.008977016,-0.013,103.1484856,5.525615913,103.1413836,184.694385,53.94766632,67.32354919,4891.921034,6246.865199
4/1/2016,265.0205305,0.0061,0.0064,0.003281661,0.0029,0.0039,0.113368649,3.565845,-0.0372776,0.1425,0.075,0.045495651,7.307106488,0.000738821,0.005,-0.014,102.9776349,5.164011125,107.1927556,164.2381642,57.02906839,64.74665603,3770.228695,3510.457092
5/1/2016,247.543,0.0078,0.0098,0.008184377,0.0098,0.0065,0.113192421,3.536468182,-0.008238389,0.1425,0.075,0.04508069,5.774979814,0.003824194,-0.008695662,-0.000167356,105.0043489,5.143362704,107.4015619,167.4137206,64.49282425,67.78350619,4115.099108,5035.015903
6/1/2016,258.3655142,0.0035,0.0047,0.016875411,0.0221,0.0033,0.114426354,3.424204545,-0.031744563,0.1425,0.075,0.049663007,3.664602097,-0.013525154,0.001008196,-0.016871608,101.9892174,5.665546774,109.3347324,197.3784171,66.72529827,67.36632245,4753.266666,6104.044145
7/1/2016,235.8452025,0.0052,0.0064,0.001752115,-0.0001,0.0029,0.117072646,3.275566667,-0.043408002,0.1425,0.075,0.05070724,-0.103333722,0.007135307,-0.007996347,-0.005745678,102.9613154,5.089247661,100.1154264,189.0800163,64.78982079,64.18339549,4865.768887,5936.395027
8/1/2016,245.771967,0.0044,0.0031,0.00146798,0.0004,0.004,0.11892722,3.20966087,-0.020120426,0.1425,0.075,0.04840581,7.003230744,-0.018825806,-0.00520709,-0.017888471,100.3173963,4.802104715,103.8051012,162.865566,70.90711266,64.16626749,4340.760456,7113.78898
9/1/2016,232.4710736,0.0008,0.0008,0.001970708,0.0018,0.0016,0.11920335,3.256371429,0.014553114,0.1425,0.075,0.053224622,5.427803398,0.010841294,-0.008578006,-0.003912661,96.65216784,4.578408835,89.03771174,172.4994302,71.31232078,65.30193483,4889.556449,4308.728149
10/1/2016,211.270139,0.0026,0.0017,0.001572552,0.0015,0.0017,0.119371399,3.185845,-0.02165798,0.14,0.075,0.056789863,8.085670934,-0.01478797,0.003321152,0.011757761,95.10262085,4.402800016,92.20638779,166.7657553,72.97523239,58.07197105,3863.601275,4516.879301
11/1/2016,210.1568014,0.0018,0.0007,-0.000265987,-0.0016,0.0026,0.11987933,3.34203,0.04902467,0.1375,0.075,0.063208736,7.005320959,0.010503711,-0.003241092,-0.001367443,94.77853963,4.967531636,87.70701873,206.2534174,76.67088681,66.8538424,5263.936877,7133.784523
12/1/2016,209.6498956,0.003,0.0014,0.005400212,0.0069,0.002,0.121539211,3.352268182,0.003063462,0.1375,0.075,0.070204925,11.66241592,0.016359034,-0.000617668,0.009821634,93.26705909,4.604713633,100.3301873,234.267797,97.14609056,68.81489248,5086.075796,5527.414672
1/1/2017,207.4253839,0.0038,0.0042,0.00640855,0.00695425,0.006423024,0.126772075,3.196609091,-0.046433961,0.13,0.075,0.072574832,12.35725922,0.007580293,0.033136703,0.043027804,97.14579755,5.374459996,98.45068813,203.95817,58.79951605,66.21952827,5708.240971,5847.496617
2/1/2017,210.9103791,0.0033,0.0024,0.000836912,-0.000944861,0.003875828,0.132800809,3.104194444,-0.028910212,0.1225,0.075,0.071509096,3.171965989,0.012753304,0.001459239,0.001456974,97.36675744,5.491834357,101.2719687,220.2305413,81.54697051,68.55734342,4233.399229,4564.868828
3/1/2017,223.937918,0.0025,0.0032,0.000147125,-0.001730239,0.003834224,0.138680187,3.127930435,0.008728334,0.1225,0.075,0.073433003,8.530054169,-0.017703411,-0.016933283,-0.021297134,97.45164735,5.685668123,106.5589964,209.5207901,70.25397477,58.1417071,4991.275574,5552.463139
4/1/2017,201.89978,0.0014,0.0008,-0.010956219,-0.017704761,0.003267968,0.137150157,3.136172222,0.001559528,0.1125,0.07,0.068863325,5.33667371,0.000252871,0.018347774,0.024925965,94.1682244,6.377608362,101.8611441,201.1736202,74.28884789,65.8082947,6081.88956,6576.927757
5/1/2017,220.6605416,0.0031,0.0036,-0.00931859,-0.015551371,0.002924789,0.134202773,3.209509091,0.023384197,0.1025,0.07,0.06421868,2.581009817,0.004014296,0.002461645,-0.005627921,95.16476013,7.188540253,103.9086906,232.4639168,73.12891667,69.1697524,5508.626167,6066.48139
6/1/2017,242.7407067,-0.0023,-0.003,-0.0066625,-0.012192515,-0.000815724,0.131013286,3.295366667,0.026750999,0.1025,0.07,0.070405378,3.40373957,0.009363385,0.011595106,0.015557734,96.46106881,6.908008612,110.4578634,221.2395664,72.81273007,70.59080712,5834.46617,5922.122756
7/1/2017,229.4512938,0.0024,0.0017,-0.007160604,-0.011617791,0.00042045,0.129099247,3.206138095,-0.027076978,0.0925,0.07,0.063659325,3.589369658,0.00181641,-0.001980049,0.001138668,96.76654849,7.100090902,104.7912268,225.9447896,70.41886585,69.02818924,6197.741356,12629.55428
8/1/2017,244.82796,0.0019,-0.0003,0.000958423,-0.000477076,0.00334711,0.126778809,3.150917391,-0.017223433,0.0925,0.07,0.06631343,5.07361877,0.000560687,-0.0077898,-0.001018129,97.40453491,7.53651633,103.9089278,237.0461759,69.18334859,70.58273188,7001.081041,6090.575285
9/1/2017,272.6719682,0.0016,-0.0002,0.004681998,0.007411996,-0.000941052,0.125249195,3.13479,-0.005118316,0.0825,0.07,0.055709232,9.293239989,0.003523748,0.010146533,0.010335532,97.16778246,7.468738722,100.338583,244.6570039,64.64229059,70.13288167,6433.375208,5830.103989
10/1/2017,251.9309629,0.0042,0.0037,0.001964782,0.001644592,0.002810774,0.123056598,3.191228571,0.01800394,0.075,0.07,0.046724433,8.866365234,0.009035559,-0.004194338,-0.008649628,96.35184941,7.438002215,98.7910093,231.6684493,63.08076391,68.46605073,6613.147147,7641.410565
11/1/2017,214.0309256,0.0028,0.0018,0.00524302,0.006586259,0.002849767,0.121328725,3.2594,0.021362127,0.075,0.07,0.045680631,4.657091437,0.004630508,0.002164805,0.014839691,98.98093187,7.44029595,105.3337404,238.9291599,63.66174405,72.25702604,6467.329602,7702.25828
12/1/2017,172.2943727,0.0044,0.0026,0.00887324,0.01239359,0.003009925,0.118961416,3.2919,0.00997116,0.07,0.07,0.03936624,2.025103753,0.027088646,0.005785279,0.017448292,103.0856831,8.749293673,105.7889525,259.0644386,66.98976069,74.16783965,6711.278951,6106.958173
1/1/2018,227.6205314,0.0029,0.0023,0.00755025,0.009082996,0.005606637,0.122723409,3.2106,-0.024696984,0.07,0.0675,0.040298965,8.306844947,-0.023127032,0.00304734,0.003150313,98.96477578,8.126142006,102.0041739,250.2605615,69.82710422,76.09697129,7282.630671,9311.825208
2/1/2018,212.7151028,0.0032,0.0018,0.000731715,-0.000177564,0.002832173,0.127061365,3.2415,0.009624369,0.0675,0.0675,0.037971816,5.793246874,-0.004333323,-0.003984913,0.004383815,98.85753786,8.046922502,98.54237671,231.25974,70.06079901,73.49807098,6135.587891,7755.677814
3/1/2018,215.306063,0.0009,0.0007,0.00635147,0.008921729,0.001375122,0.13242833,3.2792,0.011630418,0.065,0.0675,0.037196344,7.057433853,0.012475094,0.012808563,0.01313091,99.02217156,10.2178246,104.2001469,259.1895111,74.20436404,78.45817911,6544.985954,5761.702498
4/1/2018,208.1451132,0.0022,0.0021,0.005697173,0.007135254,0.003143302,0.129983182,3.4075,0.039125396,0.065,0.066,0.036368408,2.168220862,0.003908998,0.013278102,0.018256395,98.36504849,9.301159351,102.5660631,264.0758911,73.92207651,75.69324343,7211.543807,8102.342147
5/1/2018,189.8122112,0.004,0.0043,0.013781659,0.019741659,0.002603544,0.128276957,3.6361,0.067087307,0.065,0.066,0.035439393,2.004135017,-0.109072291,-0.015042751,-0.060589453,87.31400085,6.69249728,86.44081474,191.4783526,66.33264611,64.09626793,7809.828827,10019.8575
6/1/2018,264.2933969,0.0126,0.0143,0.018672336,0.023331233,0.010906488,0.125685881,3.7732,0.037705234,0.065,0.066,0.02020332,6.238490642,0.123689366,-0.007568928,0.02430559,101.1266632,9.179608296,99.88626863,269.6153598,74.56329531,76.66069084,6310.582523,8113.515619
7/1/2018,245.9585161,0.0033,0.0025,0.005067166,0.004981082,0.004351473,0.124439109,3.8288,0.014735503,0.065,0.0656,0.019288157,3.518324548,-0.003065615,-0.010141725,-0.015708964,98.66990466,8.599797942,105.0113877,242.4347957,77.43011036,73.5022361,6872.434527,10815.44179
8/1/2018,269.5373608,-0.0009,0.0,0.006999139,0.00999546,0.000542255,0.122668212,3.9298,0.026379022,0.065,0.0656,0.022144735,9.962409269,-0.008468545,0.024449137,0.040876534,99.03575705,9.048701044,103.1631319,261.9851339,74.54093287,77.96863274,7151.658334,8356.412277
9/1/2018,269.0111308,0.0048,0.003,0.015243481,0.021877107,0.002803747,0.120181019,4.1165,0.047508779,0.065,0.0656,0.018889497,7.343317457,-0.028250879,-0.009932022,-0.004675348,99.78075016,8.894882318,100.4715509,232.5631066,74.90401768,73.40167815,7269.967128,10056.47574
10/1/2018,220.5968782,0.0045,0.004,0.008859123,0.011050208,0.005128833,0.118617654,3.7584,-0.086991376,0.065,0.0698,0.0185852,8.41822871,0.013441044,-0.002618285,-0.008628536,99.9370791,9.611594091,105.7110365,236.2246643,80.7270462,76.64402185,7326.068542,10672.11518
11/1/2018,203.6414387,-0.0021,-0.0025,-0.004895058,-0.008071007,0.000853134,0.11709783,3.7867,0.0075298,0.065,0.0698,0.02358677,9.079646853,-0.000700461,0.02615804,0.01698943,97.67470392,9.175707332,108.9026775,224.3795134,74.68576471,74.31172337,8241.114129,6412.030718
12/1/2018,176.1277549,0.0015,0.0014,-0.010801688,-0.016660032,0.000388596,0.117162355,3.8851,0.025985687,0.065,0.0698,0.026550726,8.293541014,-0.001389177,-0.011501161,0.003719525,99.32711613,8.500366283,112.8332557,213.4195532,102.186139,70.2734078,7462.53204,8358.84883
1/1/2019,236.4111415,0.0032,0.0036,6.64366e-05,-0.00263011,0.005821312,0.121663206,3.7417,-0.036910247,0.065,0.0703,0.026243743,2.780807507,-0.004484098,0.00609199,0.014339352,99.6432502,7.932325559,108.5008894,222.526061,62.29900592,71.43219582,5779.773202,6383.460583
2/1/2019,225.2747413,0.0043,0.0054,0.008846793,0.012218311,0.002623294,0.125506188,3.7236,-0.004837373,0.065,0.0703,0.025119708,6.629749787,0.001973461,-0.006117421,-0.010896198,98.96249127,10.00573669,115.1858783,278.9304615,70.22521158,71.67939158,7862.187151,5975.070977
3/1/2019,238.5826468,0.0075,0.0077,0.012553468,0.016679757,0.005792003,0.128453403,3.8465,0.033005693,0.065,0.0703,0.018404284,3.636812031,-0.003130286,0.002832904,0.02136526,98.86513912,8.301842913,104.137798,238.4620877,66.30718511,72.03519503,8502.879398,9929.838223
4/1/2019,224.3615948,0.0057,0.006,0.009186295,0.010684507,0.006886377,0.126140145,3.8962,0.012920837,0.065,0.0626,0.014860071,4.712260646,0.004149684,-0.000636106,-0.004167379,100.3106983,10.13156307,111.8482453,266.9145771,68.53064177,80.16712879,7032.905241,4431.683828
5/1/2019,226.396013,0.0013,0.0015,0.004454676,0.005357862,0.003486244,0.123950031,4.0015,0.027026333,0.065,0.0626,0.017596636,8.322931973,-0.000629355,-0.00437975,-0.011404313,99.64174159,10.63857657,119.3764752,250.8101503,72.49250265,78.34706385,7363.50085,8777.637027
6/1/2019,231.7886852,0.0001,0.0001,0.007952552,0.011552397,-0.000653256,0.121405244,3.8588,-0.035661627,0.065,0.0626,0.030315322,0.989452994,-0.009483604,-0.005000561,-0.001991065,98.59750182,10.69157847,113.7022316,253.6325197,67.2616615,72.76097184,7725.992764,10860.77416
7/1/2019,263.3447479,0.0019,0.001,0.003961155,0.003995024,0.001602746,0.119507122,3.7793,-0.02060226,0.065,0.0595,0.031755028,5.592713687,-0.005758727,0.007363199,-0.001039429,100.0748339,10.69383339,111.60386,261.5357465,69.42809921,77.57681374,6831.668078,5814.610578
8/1/2019,273.725162,0.0011,0.0012,-0.006668951,-0.01135311,0.002268523,0.119470428,4.02,0.063689043,0.06,0.0595,0.024859542,11.21651228,0.01097363,-0.000586751,-0.002873022,99.79545827,9.988217688,113.2037471,242.8899704,64.38541046,74.12069726,6716.964938,9793.496378
9/1/2019,279.2514109,-0.0004,-0.0005,-5.43e-05,-0.000882777,-0.00042308,0.119012415,4.1215,0.025248756,0.055,0.0595,0.025331553,5.513266677,0.000176633,0.020223287,0.020760545,100.4079798,10.12584485,113.1362931,250.6771432,64.53232255,74.33152045,9134.430706,9954.27923
10/1/2019,274.3339989,0.001,0.0004,0.006750756,0.010183698,-0.000487705,0.117521983,4.087,-0.008370739,0.05,0.0557,0.024040246,8.220679837,0.022400753,0.003734012,0.010957982,99.98641407,9.374361816,122.6189006,256.0334739,64.69067184,75.1609748,6001.565409,7053.47317
11/1/2019,273.7462236,0.0051,0.0054,0.00300135,0.003588868,0.002005796,0.112877731,4.1553,0.016711524,0.05,0.0557,0.016704568,8.734578548,-0.023367079,0.005597056,-0.000318622,100.57697,8.254854522,119.1345408,212.3146419,64.08793725,71.77762047,8679.15177,9001.442258
12/1/2019,217.2617642,0.0115,0.0122,0.020918341,0.028366389,0.008377566,0.110810106,4.1096,-0.010998003,0.045,0.0557,0.001859528,2.824645784,-0.013757816,0.016785882,0.010363718,97.96304093,6.51773166,109.5148233,195.5386409,58.76257623,65.36713175,7708.992965,8709.284843
1/1/2020,241.4041415,0.0021,0.0019,0.004770047,0.004967874,0.005182777,0.113543385,4.1495,0.009708974,0.045,0.0509,0.002975334,2.838068922,0.014343463,-0.021220929,0.008868755,99.37561036,8.766979356,119.2357907,216.8616426,63.45382534,74.44413176,8466.201115,5779.149487
2/1/2020,241.2187413,0.0025,0.0017,-0.000406433,-0.001875943,0.002143065,0.117529175,4.341,0.046150139,0.0425,0.0509,0.00230747,2.456039475,0.006668873,0.002767175,-0.002933033,99.17895775,9.321139946,126.4478457,215.4417236,64.02635767,74.86554013,9022.56879,6635.854455
3/1/2020,239.925,0.0007,0.0018,0.012440601,0.017649332,0.001152281,0.123730744,4.883854545,0.125052878,0.0375,0.0509,0.004356244,7.81036431,-0.078544412,-0.042605769,-0.131297151,89.39976671,8.007486696,112.4739584,189.2574173,64.13741455,62.52876241,7584.245707,7948.018328
4/1/2020,207.401251,-0.0031,-0.0023,0.008022977,0.011232924,0.001342495,0.127400867,5.3256,0.090450166,0.0375,0.0494,0.013183594,0.974805439,-0.196350964,-0.157675405,-0.183500804,66.22053199,0.440922716,27.92300244,1.87077185,46.67314165,40.24914926,7690.194563,6306.552961
5/1/2020,243.111058,-0.0038,-0.0025,0.002800408,0.005876405,-0.006042523,0.131130951,5.643445,0.059682477,0.03,0.0494,0.010993325,2.527573734,0.077975498,0.115291527,0.156586358,80.96458292,4.082870526,62.80086302,41.10643257,62.1934222,46.51654477,7841.102257,1569.653364
6/1/2020,309.5026067,0.0026,0.003,0.015570052,0.02245761,0.000365993,0.135980016,5.1966,-0.079179473,0.0225,0.0494,0.001174973,4.891256825,0.100031071,0.078457675,0.105137928,92.73211589,5.778736086,115.8081482,100.4660903,69.36497435,56.40406058,8490.853533,8428.97158
7/1/2020,351.0186067,0.0036,0.0044,0.022278337,0.02995826,0.004850633,0.141081682,5.280191304,0.016085768,0.0225,0.0491,-0.000586453,4.827753836,0.08994091,0.045336815,0.067090711,104.0993054,6.731526868,142.2470439,166.6172537,76.28474634,64.2281153,11314.45381,8802.779625
8/1/2020,298.8492702,0.0024,0.0036,0.027441633,0.037370378,0.004750297,0.147757174,5.461233333,0.034287021,0.02,0.0491,-0.004295197,2.046119033,0.032051168,0.028033135,0.042626754,105.1708709,6.840660196,142.0089056,199.3428234,70.18548489,62.12148145,10660.64678,10439.10595
9/1/2020,294.2352804,0.0064,0.0087,0.043407949,0.059185422,0.006384879,0.148902965,5.399485714,-0.011306534,0.02,0.0491,-0.011052938,2.84729186,0.026716424,0.011046347,0.013711931,109.4258124,8.733148527,145.4638191,212.9035915,73.83871779,74.74561861,10406.73961,10916.87699
10/1/2020,316.1884233,0.0086,0.0089,0.03231419,0.041526474,0.007744088,0.14581038,5.625790476,0.041912281,0.02,0.0455,-0.018475751,3.616310269,0.015522572,0.009256302,0.018200188,111.2468021,9.325039394,147.6559653,211.8181412,77.46806319,77.76201717,11134.95296,11790.52034
11/1/2020,289.6302811,0.0089,0.0095,0.032773939,0.042543947,0.007194751,0.143579293,5.417835,-0.036964668,0.02,0.0455,-0.022145528,2.332372173,0.004265024,-0.002716567,0.003455077,113.2510063,10.77172926,145.5198294,226.9412391,83.9906229,81.32419126,9746.499188,10085.3029
12/1/2020,273.9546093,0.0135,0.0146,0.009581083,0.008987868,0.012121555,0.141798754,5.145586364,-0.050250448,0.02,0.0455,-0.024110218,1.102160431,-0.005003899,-0.028223139,-0.026200571,116.9113576,10.64616417,141.6122275,227.8033376,91.45947065,85.12362432,9853.591074,9821.598015
1/1/2021,298.777,0.0025,0.0027,0.025767097,0.033763458,0.004099089,0.144608564,5.356245,0.040939676,0.02,0.0439,-0.02448355,3.398024283,0.007951164,-0.029239847,-0.019002623,115.2187031,11.35429758,138.0232943,240.4636482,89.94767108,85.73632231,9460.846397,11583.23585
2/1/2021,299.468,0.0086,0.0082,0.02525854,0.03282576,0.003454679,0.146081376,5.416494444,0.011248448,0.02,0.0439,-0.030418251,8.737801186,-0.014852782,0.005056349,0.015587075,114.0181484,12.47873194,131.1933507,214.763539,92.80964147,84.94343603,10924.04424,13366.9883
3/1/2021,305.193,0.0093,0.0086,0.029374516,0.035550285,0.009828596,0.14908295,5.646147826,0.042398895,0.0275,0.0439,-0.031573987,9.364964994,-0.022515698,-0.037819934,-0.073932573,108.9011683,11.63237795,135.4961271,199.2542056,95.54006595,82.90523768,9510.800555,11371.78989
4/1/2021,305.045,0.0031,0.0038,0.015089827,0.018427828,0.004413622,0.147948648,5.562135,-0.014879672,0.0275,0.0461,-0.037560884,4.481667979,-0.01695726,0.027778518,0.055637981,110.3175663,14.78969105,130.3500176,189.7329716,106.3039549,84.24984966,10419.95411,10836.22497
5/1/2021,342.347,0.0083,0.0096,0.040955598,0.052305459,0.006065612,0.147277898,5.291057143,-0.048736296,0.035,0.0461,-0.042198778,1.303890926,0.011094847,0.050079931,0.048619538,108.2939156,14.19968223,126.4664171,185.5590731,97.67468243,82.59358453,10515.59442,11079.82605
6/1/2021,345.463,0.0053,0.006,0.006032096,0.004160446,0.005736153,0.142319797,5.031904762,-0.04897932,0.0425,0.0461,-0.037840332,-0.525362056,-0.004059573,-0.020880552,-0.02950385,108.2767361,15.22456486,123.1236103,172.8866707,96.2465178,86.27056299,10909.82656,11005.59353
7/1/2021,315.451,0.0096,0.0102,0.007771467,0.007109112,0.008298947,0.137114197,5.156704545,0.024801698,0.0425,0.0488,-0.043490228,7.843879812,-0.01481136,0.035417545,0.026883501,106.5548694,14.84265842,119.0453338,158.8674447,98.059997,88.49949844,9795.3793,10921.51653
8/1/2021,309.014,0.0087,0.0088,0.006641515,0.006549368,0.007499905,0.13138382,5.251718182,0.018425263,0.0525,0.0488,-0.040390226,6.188828515,0.001372352,-0.046266913,-0.034165558,105.7175541,13.69784852,122.1457294,151.5846917,102.4040649,83.73773513,8985.322554,9819.248341
9/1/2021,291.806,0.0116,0.012,-0.0063961,-0.012142464,0.011921173,0.126403518,5.279690476,0.005326313,0.0625,0.0488,-0.036281179,2.419190406,-0.003439656,-0.01418059,-0.015278858,104.6158249,12.65192955,124.8097408,167.3274386,92.25160865,85.793869,8718.995839,10158.09729
10/1/2021,285.428,0.0125,0.0116,0.006428051,0.005260342,0.010477267,0.120770325,5.53998,0.049300148,0.0775,0.0532,-0.026384747,3.375198176,-0.004330482,0.003490141,-0.002391226,102.8559497,12.25442028,100.1591456,169.5905626,101.753882,85.27807385,8773.902388,12122.81596
11/1/2021,270.548,0.0095,0.0084,0.000183271,-0.002871301,0.009313078,0.11557274,5.55686,0.003046942,0.0775,0.0532,-0.027000181,5.030532769,-2.95e-05,0.012085378,0.011094452,102.8253322,12.69618376,110.4907865,185.601102,101.2377684,85.15159014,8067.849185,12860.5488
12/1/2021,222.469,0.0073,0.0073,0.008703778,0.009480775,0.008351333,0.111462722,5.651391304,0.01701164,0.0925,0.0532,-0.007359622,-5.178113468,0.015474043,-0.001473104,0.003715131,103.035808,13.07158912,104.8932173,227.876912,113.9067094,88.08018113,8834.89543,15011.83069
1/1/2022,251.883,0.0054,0.0067,0.018174717,0.023028741,0.004232906,0.112099445,5.5341,-0.020754412,0.0925,0.0608,-0.010237362,4.038439715,-0.000733693,-0.016668871,-0.003225859,100.5676592,12.17957034,100.4465089,179.7246778,82.99468817,82.4935026,9387.136056,23809.61671
2/1/2022,255.048,0.0101,0.01,0.01833201,0.023565984,0.003299202,0.112037296,5.1966,-0.060985526,0.1075,0.0608,0.001899765,9.434193011,0.007987637,0.020043776,0.007155895,101.7549108,12.21175783,107.8248822,181.8112557,104.9929928,85.66636525,8943.055872,11421.22229
3/1/2022,328.135,0.0162,0.0171,0.017406311,0.020662039,0.008642946,0.111439603,4.9684,-0.043913328,0.1175,0.0608,0.004043127,6.919921519,-0.007913439,0.003185856,0.001200083,100.7162714,11.97879316,86.94871738,182.5537463,105.949213,88.49159321,9516.953768,8507.75385
4/1/2022,306.577,0.0106,0.0104,0.014112157,0.01445983,0.015278833,0.105218754,4.758,-0.042347637,0.1175,0.0682,-0.003388924,10.91813942,0.006648965,0.007836972,0.003204207,102.0147774,12.02435655,99.3444881,191.9398053,108.4014591,84.02109945,10058.63978,7862.362408
5/1/2022,317.424,0.0047,0.0045,0.0052216,0.004519976,0.003514572,0.098301386,4.9551,0.041424968,0.1275,0.0682,0.009129151,3.436515548,-0.005213781,0.025333765,0.016295211,103.0733232,13.90404108,107.4171762,191.2458315,102.4604142,87.83350388,9710.835372,9178.550186
6/1/2022,296.514,0.0067,0.0062,0.005853288,0.003022553,0.007062679,0.0930327,5.0492,0.018990535,0.1325,0.0682,0.012154795,3.275227975,-0.000870858,-0.030673052,-0.042143695,100.6926522,13.78730932,109.0808476,209.0207677,98.46135865,85.63916446,7682.628319,11572.76773
7/1/2022,323.427,-0.0068,-0.006,0.002057302,0.002099866,-0.002810745,0.091038066,5.3681,0.06315852,0.1325,0.0701,0.028890706,7.176345367,0.009595772,-0.00723791,0.001091246,100.6935955,13.59428226,110.0256437,220.3501763,97.97468441,82.60911449,8691.99725,5537.150899
8/1/2022,305.505,-0.0036,-0.0031,-0.006980466,-0.007068797,-0.011790049,0.08917549,5.1433,-0.041877014,0.1375,0.0701,0.04616941,9.731223925,-0.013297198,0.005900859,-0.001606681,100.4413385,15.42265702,95.61190174,212.788909,99.39531221,87.99645367,8539.268214,9723.652289
9/1/2022,304.527,-0.0029,-0.0032,-0.009459916,-0.012730823,-0.000789619,0.087005307,5.237,0.018217876,0.1375,0.0701,0.061397779,9.156132572,-0.015664014,0.007469346,0.007538309,98.50116491,13.75766494,95.65551863,193.8797409,103.1296002,84.49165626,8926.399326,10037.21373
10/1/2022,273.411,0.0059,0.0047,-0.009715537,-0.014414902,0.004951112,0.083012063,5.2503,0.002539622,0.1375,0.072,0.068376068,4.455027843,0.015918269,0.005592505,0.004605049,100.2764382,13.79794225,96.41792374,198.4310311,98.82679697,81.73919895,9008.053162,9809.590343
11/1/2022,276.144,0.0041,0.0038,-0.005648726,-0.009421872,0.006413343,0.080611247,5.2747,0.004647353,0.1375,0.072,0.074126534,6.543813022,-0.000430265,-0.005040414,-0.006551004,97.2237803,13.23871119,92.94850867,197.652642,97.03162889,85.63465932,7885.048155,13919.12355
12/1/2022,190.575,0.0062,0.0069,0.004481667,0.0047202,0.004399558,0.079413018,5.2424,-0.006123571,0.1375,0.072,0.075243407,-0.478618084,0.000807157,-0.00610614,0.017445317,94.962133,15.33694662,99.56686167,205.4798901,97.94594535,84.5302389,8662.869102,7292.905884
1/1/2023,258.0839266,0.0053,0.0046,0.002118863,0.001025924,0.006053022,0.083572577,5.2007,-0.007954372,0.1375,0.0737,0.075446724,4.940845727,-0.000989448,0.01328454,-0.005902496,97.22042014,5.012616669,105.2392158,187.4498517,95.99580629,78.24381982,8923.869767,6253.587737
2/1/2023,247.6534315,0.0084,0.0077,-0.000601654,-0.002042677,0.003846093,0.085927748,5.1717,-0.005576172,0.1375,0.0737,0.07717803,7.354532149,-0.00178991,-0.001763521,0.003924955,98.33424829,8.850059023,105.6079147,178.6811505,94.08479888,76.78504099,8691.982899,11267.08526
3/1/2023,345.5158002,0.0071,0.0064,0.000507413,-0.001147374,0.006610914,0.087938316,5.2115,0.007695729,0.1375,0.0737,0.086956522,10.69959183,0.008810781,0.007191736,0.058237283,99.12640505,11.37373688,110.3139288,219.8680087,108.6308962,85.40073245,10178.81501,9603.403851
4/1/2023,271.3475622,0.0061,0.0053,-0.009498431,-0.014500461,0.004595544,0.084900024,5.0197,-0.036803224,0.1375,0.0728,0.091860242,4.715173263,-0.003568263,-0.002755772,-0.025786842,97.92195857,8.642680488,104.222863,193.2886216,90.184236,70.99648153,12420.29152,13433.64402
5/1/2023,293.7380622,0.0023,0.0036,-0.018441378,-0.027204375,0.00479498,0.083329452,4.9828,-0.007351037,0.1375,0.0728,0.094381374,5.256628011,0.005193159,-0.009987253,-0.025995266,98.98678259,8.423831252,108.8177042,207.4590749,93.49471742,77.31222647,9936.072501,9947.62634
6/1/2023,297.5115622,-0.0008,-0.001,-0.019291808,-0.027343866,-0.002548495,0.080394581,4.8516,-0.026330577,0.1375,0.0728,0.102656068,2.364187758,-0.005496434,0.009422385,0.01179769,98.70552715,7.235176549,103.0511485,187.9312512,89.92437688,75.69306493,10854.58515,10113.26458
7/1/2023,291.3782954,0.0012,-0.0009,-0.007239256,-0.010554571,0.001108297,0.078988356,4.8008,-0.010470773,0.1375,0.07,0.093855178,6.880421978,-0.005790355,0.004970003,-0.006466095,98.5109296,7.233696343,107.234132,183.3131936,86.39815152,69.82122002,12859.76573,11106.83323
8/1/2023,330.3885723,0.0023,0.002,-0.001353069,-0.001729186,-0.001891597,0.077832786,4.9035,0.021392268,0.1325,0.07,0.082592486,6.73139479,0.007286232,0.00235096,0.009014047,98.06287692,8.142115776,108.8306265,198.0337159,90.27941335,75.91549946,14389.04041,10553.01565
9/1/2023,288.1149281,0.0026,0.0011,0.003664602,0.004103346,0.002713653,0.07689036,4.937,0.006831855,0.1275,0.07,0.07186995,5.751967243,-0.004929772,0.004114392,0.001413728,96.17350719,7.903704279,107.8526433,200.9886801,88.21592486,73.21918629,11785.11387,10522.23194
10/1/2023,293.4096941,0.0024,0.0012,0.004973997,0.006018692,0.00265283,0.076144378,5.0648,0.025886166,0.1275,0.0655,0.075653501,3.07043011,0.004600038,-0.003108144,-0.012782136,97.52907547,8.895843471,105.0970702,187.8963846,86.1115078,72.78673609,11779.18372,8883.260305
11/1/2023,280.5265756,0.0028,0.001,0.005932043,0.007072524,0.004229087,0.075448441,4.8983,-0.032873954,0.1225,0.0655,0.072315629,6.668246978,0.010323414,0.006832424,0.025622801,97.1329737,8.687596708,106.2971864,186.9720216,75.12036788,72.97329107,14588.87181,11473.4861
12/1/2023,248.3743686,0.0056,0.0055,0.007402694,0.009679128,0.001393509,0.074101241,4.8972,-0.000224568,0.1175,0.0655,0.068151405,-1.991539752,0.01636233,0.0007647,-0.007935191,99.0800567,9.201761555,110.855139,194.0626718,58.07926225,72.57504588,16846.7816,10102.05646
1/1/2024,261.3799621,0.0042,0.0057,0.000711699,-0.000876937,0.00585241,0.07615374,4.9144,0.003512211,0.1125,0.0653,0.064491436,9.080289871,-0.013424353,0.011176433,0.021621595,100.5744818,9.770387957,105.6893453,187.2667839,68.16346195,79.41907283,13297.48639,14461.3573
2/1/2024,256.6570709,0.0083,0.0081,-0.005165041,-0.008972108,0.005279956,0.078457508,4.9644,0.010174182,0.1125,0.0653,0.064593301,5.331840439,-0.003,0.008755564,0.008541994,99.82964961,10.41559365,120.4619385,200.4332142,77.39164122,81.00402936,13315.14243,11110.85741
3/1/2024,273.5042616,0.0016,0.0019,-0.004673565,-0.007713503,0.002864222,0.079236579,4.9801,0.003162517,0.1075,0.0653,0.065621091,10.23596873,0.008717729,0.001585464,0.004764076,101.5850111,11.77391515,119.8566775,212.0313826,69.57999617,80.29240547,13860.44772,13443.01439
4/1/2024,303.4628473,0.0038,0.0037,0.003097421,0.002929352,0.003179497,0.075336874,5.1291,0.029919078,0.1075,0.0667,0.068087569,3.866416177,-0.003575387,0.007450854,-0.008461329,102.2671026,12.19953937,126.9812079,213.1126953,75.26426611,82.69828211,13499.02134,12461.33415
5/1/2024,296.9950442,0.0046,0.0046,0.008910032,0.010591689,0.004368586,0.071329069,5.133,0.000760367,0.105,0.0667,0.063215626,3.022975862,-0.015168411,0.008845747,0.004254158,99.60343291,11.24720753,127.6389792,150.3628276,58.98866791,81.06532466,13641.72522,13330.9518
6/1/2024,322.4546657,0.0021,0.0025,0.00813495,0.008941508,0.004625531,0.068948807,5.389,0.049873368,0.105,0.0667,0.060155426,6.269453532,0.043202844,-0.008797531,0.003199698,103.2027328,13.15119727,138.0018881,223.144042,81.35300633,81.80649542,14926.49518,13635.32384
7/1/2024,351.8910349,0.0038,0.0026,0.006080579,0.006795896,0.00304592,0.067886573,5.542,0.028391167,0.105,0.0691,0.057416268,7.191124291,-0.014692709,0.005923394,-0.000310502,104.5636553,12.13006318,131.7108317,234.2736683,77.95447622,82.75275171,13662.0841,13088.18098
8/1/2024,364.7154036,-0.0002,-0.0014,0.002851358,0.002889692,0.000920491,0.066312683,5.5526,0.001912667,0.105,0.0691,0.060053722,5.404159006,0.001490407,-0.001481619,-0.006318979,103.9272688,11.55645513,129.0172796,226.9178932,77.80028758,80.41332152,14456.80178,13258.91202
9/1/2024,322.2653986,0.0044,0.0048,0.006227242,0.007048263,0.003302051,0.063628101,5.5416,-0.001981054,0.1075,0.0691,0.060620571,5.229432709,0.0087215,0.005849565,0.010173281,106.1540132,12.73988929,136.4943532,227.2377426,78.14150667,83.64378187,16919.31569,10819.30256
10/1/2024,326.0601517,0.0056,0.0061,0.015220397,0.019375452,0.0042321,0.061919981,5.6241,0.014887397,0.1075,0.0743,0.057178312,5.717146442,-0.002119638,0.004100233,0.005061713,105.2259845,11.86254237,138.1617551,226.8323005,74.93839051,85.15898536,13938.99567,12353.29941
11/1/2024,300.0963737,0.0039,0.0033,0.012968773,0.017445438,0.000656,0.061171198,5.8071,0.032538539,0.1125,0.0743,0.060837227,6.956203086,-0.006776334,-0.001817983,-0.014423491,105.9557031,12.0969898,129.9351,221.9849523,85.56523886,83.09815085,14695.85312,16376.6472
12/1/2024,235.3352813,0.0052,0.0048,0.009355522,0.012088717,0.001178146,0.061667917,6.097028571,0.049926568,0.1225,0.0743,0.070781265,2.764838149,-0.003412732,-0.001477427,-0.011420675,102.1705048,11.55769789,117.0320872,213.0993935,80.96930172,82.19004369,14354.64117,12113.50932
1/1/2025,,0.0016,0.0,0.002680439,0.002418219,0.001404866,0.065388071,6.021772727,-0.012343036,0.1325,0.0797,0.083110176,6.501420735,0.000412908,0.0,0.014,106.4389739,9.804347554,131.6598928,214.6502703,84.10315714,82.29991834,13732.3028,13590.45682
2/1/2025,,0.0131,0.0148,0.010609814,0.011734233,0.009132885,0.068564578,5.765645,-0.042533609,0.1325,0.0797,0.077955454,3.927058698,0.014654438,0.004885399,-0.011063158,107.6213813,12.25060731,129.7824405,225.7114911,78.7142678,82.92569336,14592.69521,13078.75831
3/1/2025,,0.004582626,0.004957489,0.00570555,0.005249844,0.008182626,0.072531784,5.8,0.00595857,0.1425,0.0797,0.084269548,6.584456599,0.003390101,-0.003580975,-0.003382429,106.7614019,12.71185894,128.8181472,229.1887654,83.11711636,85.22961554,13738.45887,13507.42593
4/1/2025,,0.004932288,0.004802045,0.004385429,0.0040708,0.004933696,0.070835524,5.82,0.003448276,0.1425,0.087,0.083047869,5.441910602,-0.002955007,0.005511112,0.007479253,106.5107773,12.25564936,127.3955307,228.9945864,81.21269431,83.16716141,13503.73656,13366.59478
5/1/2025,,0.004373098,0.004257638,0.001361195,-0.000185795,0.004274677,0.069838492,5.87,0.008591065,0.1475,0.087,0.08803343,5.578943395,0.003367125,0.002078459,-0.003776797,107.3371542,12.68306387,129.8035578,227.7331382,84.51331722,85.23494812,14292.89644,12522.25873
6/1/2025,,0.002410043,0.002346457,0.000343469,-0.001435441,0.002719598,0.068756012,5.88,0.001703578,0.15,0.087,0.090066615,5.373261841,0.008871643,-0.006001322,0.000667114,106.6131924,12.32856444,126.5896587,227.1032238,82.79479411,84.86645589,13496.89109,13285.61371
7/1/2025,,0.001776568,0.001729643,-0.000319265,-0.001781142,0.001786708,0.068496008,5.85,-0.005102041,0.15,0.088,0.092268378,5.073210978,0.00321244,0.001687847,-0.005842904,106.1338736,12.26831258,128.9209937,226.9912846,84.63217334,84.50939884,13165.26862,12911.21777
8/1/2025,,0.002035355,0.001981435,0.001751536,0.001285223,0.001864592,0.06807125,5.87,0.003418803,0.15,0.088,0.089831731,6.038227426,-0.004807545,-0.002420331,0.003505377,103.9399032,12.24444866,127.1004316,226.4215529,84.22723221,83.71742145,13319.06774,12049.67361
9/1/2025,,0.003289191,0.003201872,0.006169471,0.007173552,0.003039396,0.067735685,5.9,0.005110733,0.15,0.088,0.091038357,6.211099575,-0.000880184,0.004977959,-0.000216847,104.642228,12.20530165,129.4662491,223.5946147,84.17980984,82.30502379,13321.40078,12689.34152
10/1/2025,,0.004466486,0.004347966,0.006429017,0.007469948,0.003963548,0.066866715,5.95,0.008474576,0.15,0.085,0.092269565,7.956345608,-0.000769703,-0.005436883,-0.009116723,104.2480872,12.05772688,125.3177389,219.98485,83.97917075,81.95843989,12726.0925,12894.87302
11/1/2025,,0.004606103,0.004483952,0.006452751,0.007322881,0.004513107,0.066584786,5.99,0.006722689,0.15,0.085,0.091501846,6.360168498,-0.004795583,0.001151904,0.004059936,103.7523009,11.92778535,126.8177463,220.3752325,83.83540961,80.72044735,13318.90128,12741.78553
12/1/2025,,0.006074593,0.005913577,0.00613473,0.006570459,0.005877882,0.067013385,6.05,0.010016694,0.15,0.085,0.09055299,6.953896042,-0.000788798,0.004234773,0.011760486,104.6332886,11.80413446,124.8040942,219.0791853,83.61255563,81.57821203,12151.59586,12200.99515
1/1/2026,,0.006606435,0.006788136,0.007371881,0.008087108,0.006451206,0.070264893,6.057213848,0.001192372,0.145,0.084,0.080411088,5.825419544,0.005177908,-0.006122549,-0.01073589,106.28756713867188,11.869681358337402,127.7427978515625,227.51441955566406,83.14603424072266,84.42145538330078,12348.8578,12432.35259
2/1/2026,,0.006707033,0.006891423,0.007118447,0.007676076,0.00672183,0.073365338,6.064427696,0.001190952,0.145,0.084,0.087272103,4.352149716,-0.009143143,0.010434127,-0.001771195,104.92534637451172,11.293843269348145,126.37970733642578,201.1623077392578,83.53589630126953,83.28167724609375,12978.70031,12731.39577
3/1/2026,,0.00248632,0.002554639,0.005645518,0.006639411,0.002486743,0.075754492,6.071641544,0.001189535,0.14,0.084,0.084787864,7.009547616,0.014942646,-0.004736584,0.006309233,106.34061431884766,11.758228302001953,128.7740936279297,218.6171417236328,84.0909423828125,82.38636016845703,12465.6446,12025.8655
4/1/2026,,0.00437375,0.004493526,0.003881466,0.003721754,0.004351859,0.074010329,6.078855392,0.001188122,0.14,0.083,0.08539112,5.86700162,0.007114753,0.00359057,0.009068556,106.1087875366211,11.795764923095703,128.79959106445312,218.47744750976562,83.28461456298828,82.73316192626953,12331.32078,12579.02521
5/1/2026,,0.003343474,0.003435001,0.000944319,-0.000348019,0.00338902,0.072899879,6.086069241,0.001186712,0.135,0.083,0.081739569,6.004034413,-0.012440259,0.001563889,-0.013534699,104.67720031738281,11.793000221252441,128.6920623779297,213.17794799804688,83.4964828491211,82.35496520996094,12535.56407,12156.28381
6/1/2026,,0.002238153,0.00229932,0.00076735,-0.000559001,0.002248724,0.071763555,6.11,0.003932055,0.13,0.083,0.077158904,5.798352859,0.008259443,-0.001297815,-0.003065806,104.80458068847656,11.704387664794922,131.16558837890625,218.09970092773438,83.63703918457031,82.58872985839844,12846.77224,12864.83898
7/1/2026,,0.002385794,0.002450739,0.000180613,-0.001165744,0.002427045,0.071490477,6.15,0.006546645,0.13,0.083,0.076504233,5.498301996,0.011440647,0.004766027,0.024532608,105.54606628417969,11.40011978149414,131.2769012451172,219.65420532226562,82.45701599121094,82.63573455810547,12622.92295,12164.51518
8/1/2026,,0.002191791,0.002251244,0.000994645,0.000275206,0.002230247,0.07105249,6.19,0.006504065,0.13,0.083,0.076336197,6.463318443,-0.005987112,0.006200701,-0.018515956,103.30697631835938,11.71179485321045,127.9669418334961,224.38742065429688,83.2458267211914,81.82923889160156,12735.13866,12510.54835
9/1/2026,,0.002699401,0.00277233,0.00469628,0.005389187,0.002716324,0.070619759,6.26,0.011308562,0.13,0.083,0.0769693,6.636190593,0.004160503,-0.005616234,0.010087925,105.4635009765625,11.875666618347168,128.76170349121094,225.8470001220703,83.11394500732422,82.5875473022461,12921.64611,12548.90335
10/1/2026,,0.003415295,0.003507307,0.005117084,0.005882938,0.003393604,0.06972119,6.29,0.004792332,0.13,0.084,0.078097548,8.381436626,0.011893354,0.004403586,0.000177228,105.8084945678711,11.864465713500977,130.24903869628906,226.07717895507812,83.30059814453125,82.57156372070312,12744.60418,12377.90411
11/1/2026,,0.003516112,0.003610702,0.005148463,0.0058325,0.003519147,0.06943922,6.22,-0.011128776,0.13,0.084,0.079268548,6.785259516,0.004449697,0.000589286,0.009752996,105.98277282714844,11.684205055236816,129.1493682861328,226.02005004882812,82.8238296508789,82.9903335571289,14114.73591,12555.65204
12/1/2026,,0.004326561,0.004442802,0.004381302,0.004608149,0.004262886,0.069881309,6.136566177,-0.013413798,0.13,0.084,0.081147017,7.37898706,-0.005189085,0.003490602,-0.006832367,104.53636932373047,11.899616241455078,128.69834899902344,217.0547637939453,83.45911407470703,82.4227523803711,12970.27194,12342.84515
